16907;0,250000
816362;18,420000
948346;30,800000
278360;3,962000
642882;9,284000
631390;8,606000
759318;12,888000
566779;21,019000
378141;21,745000
582417;13,778000
789218;18,254000
226317;8,060000
139637;6,940000
309158;6,115000
447300;14,117000
49766;1,823000
996998;30,305000
722261;12,114000
7077;0,132000
860516;16,352000
527457;12,760000
494674;13,533000
942507;14,213000
422499;27,827000
823062;16,118000
871098;23,058000
178927;6,185000
109825;2,154000
206909;3,570000
521343;20,048000
889433;26,432000
134699;2,807000
594435;8,865000
825224;10,439000
570953;10,490000
348871;11,183000
466357;12,357000
156068;3,263000
37862;0,659000
48988;0,864000
291517;4,429000
373258;6,118000
60987;1,672000
570645;10,812000
410507;8,536000
487804;11,312000
378610;8,691000
84556;2,524000
316137;8,026000
134961;3,466000
16907;0,981000
816362;32,386000
948346;36,507000
278360;4,242000
642882;9,628000
631390;8,719000
759318;12,792000
566779;21,235000
378141;21,155000
582417;13,943000
789218;17,800000
226317;7,981000
139637;6,840000
309158;6,000000
447300;13,927000
49766;1,782000
996998;30,289000
722261;12,264000
7077;0,133000
860516;16,287000
527457;12,963000
494674;13,404000
942507;14,253000
422499;27,257000
823062;16,207000
871098;23,108000
178927;6,175000
109825;2,181000
206909;3,604000
521343;20,098000
889433;26,529000
134699;2,801000
594435;8,879000
825224;10,381000
570953;10,486000
348871;11,171000
466357;12,354000
156068;3,260000
37862;0,652000
48988;0,852000
291517;4,399000
373258;6,278000
60987;1,630000
570645;11,051000
410507;8,678000
487804;11,418000
378610;8,766000
84556;2,492000
316137;7,879000
134961;3,277000
16907;0,252000
816362;18,418000
948346;31,195000
278360;3,953000
642882;9,242000
631390;8,703000
759318;12,780000
566779;21,126000
378141;20,223000
582417;13,940000
789218;17,737000
226317;7,861000
139637;6,771000
309158;6,118000
447300;13,844000
49766;1,789000
996998;30,492000
722261;12,068000
7077;0,140000
860516;16,333000
527457;12,719000
494674;13,692000
942507;14,261000
422499;26,796000
823062;16,067000
871098;23,585000
178927;6,189000
109825;2,174000
206909;3,616000
521343;20,349000
889433;26,435000
134699;2,823000
594435;8,986000
825224;10,432000
570953;10,517000
348871;11,346000
466357;12,383000
156068;3,233000
37862;0,667000
48988;0,907000
291517;4,405000
373258;6,070000
60987;1,721000
570645;10,854000
410507;8,575000
487804;11,517000
378610;8,706000
84556;2,551000
316137;7,864000
134961;3,287000
16907;0,253000
816362;18,509000
948346;31,290000
278360;4,008000
642882;9,308000
631390;8,601000
759318;12,883000
566779;21,019000
378141;21,531000
582417;13,807000
789218;17,928000
226317;7,914000
139637;7,044000
309158;5,996000
447300;13,957000
49766;1,888000
996998;30,162000
722261;12,314000
7077;0,132000
860516;16,411000
527457;12,830000
494674;13,632000
942507;14,361000
422499;27,517000
823062;16,094000
871098;23,191000
178927;6,080000
109825;2,165000
206909;3,623000
521343;20,038000
889433;26,486000
134699;2,775000
594435;8,834000
825224;10,454000
570953;10,514000
348871;11,136000
466357;12,328000
156068;3,256000
37862;0,663000
48988;0,863000
291517;4,459000
373258;6,083000
60987;1,691000
570645;10,830000
410507;8,568000
487804;11,351000
378610;8,725000
84556;2,495000
316137;7,854000
134961;3,340000
16907;0,252000
816362;18,399000
948346;31,211000
278360;3,977000
642882;9,202000
631390;8,588000
759318;12,989000
566779;21,005000
378141;22,086000
582417;13,719000
789218;18,006000
226317;7,944000
139637;6,600000
309158;5,984000
447300;14,004000
49766;1,866000
996998;30,284000
722261;11,985000
7077;0,134000
860516;16,558000
527457;12,768000
494674;13,556000
942507;14,223000
422499;27,621000
823062;15,958000
871098;23,339000
178927;6,187000
109825;2,143000
206909;3,609000
521343;20,264000
889433;26,427000
134699;2,771000
594435;8,825000
825224;10,776000
570953;10,799000
348871;11,304000
466357;12,443000
156068;3,258000
37862;0,692000
48988;0,890000
291517;4,609000
373258;6,062000
60987;1,664000
570645;11,077000
410507;8,601000
487804;11,482000
378610;8,743000
84556;2,624000
316137;7,848000
134961;3,302000
16907;0,250000
816362;18,515000
948346;30,927000
278360;3,979000
642882;9,411000
631390;8,581000
759318;12,838000
566779;21,237000
378141;21,540000
582417;13,877000
789218;17,887000
226317;8,081000
139637;6,712000
309158;6,008000
447300;13,951000
49766;1,799000
996998;30,185000
722261;12,193000
7077;0,128000
860516;16,279000
527457;12,819000
494674;13,477000
942507;14,780000
422499;28,255000
823062;16,121000
871098;23,368000
178927;6,188000
109825;2,183000
206909;3,589000
521343;20,208000
889433;26,511000
134699;2,830000
594435;8,973000
825224;10,415000
570953;10,596000
348871;11,341000
466357;12,430000
156068;3,309000
37862;0,660000
48988;0,857000
291517;4,459000
373258;6,242000
60987;1,675000
570645;10,834000
410507;8,592000
487804;11,477000
378610;8,705000
84556;2,494000
316137;7,839000
134961;3,311000
16907;0,256000
816362;18,281000
948346;31,223000
278360;3,928000
642882;9,270000
631390;8,707000
759318;12,781000
566779;21,157000
378141;21,302000
582417;13,917000
789218;17,987000
226317;8,111000
139637;6,818000
309158;6,097000
447300;14,100000
49766;1,861000
996998;30,358000
722261;12,082000
7077;0,133000
860516;16,298000
527457;12,838000
494674;13,530000
942507;14,230000
422499;28,053000
823062;16,144000
871098;23,114000
178927;6,145000
109825;2,151000
206909;3,685000
521343;20,095000
889433;26,449000
134699;2,794000
594435;8,876000
825224;10,461000
570953;10,540000
348871;11,164000
466357;12,319000
156068;3,228000
37862;0,655000
48988;0,856000
291517;4,390000
373258;6,066000
60987;1,646000
570645;10,853000
410507;8,841000
487804;11,884000
378610;8,929000
84556;2,502000
316137;7,827000
134961;3,244000
16907;0,250000
816362;18,441000
948346;30,893000
278360;3,949000
642882;9,247000
631390;8,660000
759318;12,900000
566779;20,959000
378141;22,200000
582417;13,799000
789218;17,891000
226317;7,843000
139637;6,910000
309158;6,071000
447300;13,932000
49766;1,698000
996998;30,394000
722261;12,074000
7077;0,129000
860516;16,347000
527457;12,681000
494674;13,444000
942507;14,275000
422499;28,645000
823062;16,025000
871098;23,277000
178927;6,339000
109825;2,231000
206909;3,632000
521343;20,710000
889433;26,886000
134699;2,765000
594435;8,852000
825224;10,457000
570953;10,581000
348871;11,163000
466357;12,368000
156068;3,244000
37862;0,695000
48988;0,888000
291517;4,385000
373258;6,018000
60987;1,651000
570645;10,848000
410507;8,563000
487804;11,269000
378610;8,690000
84556;2,509000
316137;7,789000
134961;3,257000
16907;0,250000
816362;18,256000
948346;30,614000
278360;3,938000
642882;9,485000
631390;8,601000
759318;12,833000
566779;21,164000
378141;21,455000
582417;13,789000
789218;17,788000
226317;7,835000
139637;6,648000
309158;5,970000
447300;14,030000
49766;1,700000
996998;30,842000
722261;12,122000
7077;0,132000
860516;16,364000
527457;12,888000
494674;13,541000
942507;14,221000
422499;27,879000
823062;16,051000
871098;23,292000
178927;6,206000
109825;2,209000
206909;3,540000
521343;20,192000
889433;26,445000
134699;2,800000
594435;8,835000
825224;10,421000
570953;10,517000
348871;11,143000
466357;12,264000
156068;3,253000
37862;0,666000
48988;0,872000
291517;4,433000
373258;6,079000
60987;1,648000
570645;10,864000
410507;8,568000
487804;11,297000
378610;8,679000
84556;2,544000
316137;7,823000
134961;3,305000
16907;0,278000
816362;18,434000
948346;30,443000
278360;3,984000
642882;9,619000
631390;8,766000
759318;12,763000
566779;21,244000
378141;21,790000
582417;13,989000
789218;17,755000
226317;7,999000
139637;6,972000
309158;5,972000
447300;13,833000
49766;1,833000
996998;30,275000
722261;12,230000
7077;0,127000
860516;16,234000
527457;12,809000
494674;13,384000
942507;14,209000
422499;28,418000
823062;16,112000
871098;23,002000
178927;6,152000
109825;2,175000
206909;3,606000
521343;20,256000
889433;26,500000
134699;2,779000
594435;8,873000
825224;10,400000
570953;10,491000
348871;11,604000
466357;12,504000
156068;3,300000
37862;0,689000
48988;0,907000
291517;4,388000
373258;6,077000
60987;1,737000
570645;10,970000
410507;8,551000
487804;11,484000
378610;8,683000
84556;2,539000
316137;7,790000
134961;3,251000
16907;0,250000
816362;18,439000
948346;30,987000
278360;4,013000
642882;9,222000
631390;8,541000
759318;13,053000
566779;21,008000
378141;21,631000
582417;13,792000
789218;18,030000
226317;7,925000
139637;6,915000
309158;6,084000
447300;14,008000
49766;1,802000
996998;30,555000
722261;12,148000
7077;0,135000
860516;16,455000
527457;12,680000
494674;13,377000
942507;14,213000
422499;28,789000
823062;16,058000
871098;23,403000
178927;6,279000
109825;2,224000
206909;3,623000
521343;20,256000
889433;26,603000
134699;2,777000
594435;8,824000
825224;10,572000
570953;10,544000
348871;11,199000
466357;12,421000
156068;3,229000
37862;0,659000
48988;0,856000
291517;4,386000
373258;6,063000
60987;1,691000
570645;10,853000
410507;8,554000
487804;11,316000
378610;8,698000
84556;2,502000
316137;7,883000
134961;3,327000
16907;0,571000
816362;26,746000
948346;34,425000
278360;4,195000
642882;9,499000
631390;8,576000
759318;12,858000
566779;21,133000
378141;21,662000
582417;13,762000
789218;18,119000
226317;7,879000
139637;6,562000
309158;6,001000
447300;14,140000
49766;1,800000
996998;30,475000
722261;12,036000
7077;0,134000
860516;16,352000
527457;12,742000
494674;13,358000
942507;14,336000
422499;27,740000
823062;15,999000
871098;23,240000
178927;6,201000
109825;2,151000
206909;3,626000
521343;20,408000
889433;26,494000
134699;2,789000
594435;8,830000
825224;10,409000
570953;10,646000
348871;11,184000
466357;12,376000
156068;3,239000
37862;0,655000
48988;0,855000
291517;4,389000
373258;6,073000
60987;1,661000
570645;10,853000
410507;8,585000
487804;11,388000
378610;8,761000
84556;2,504000
316137;8,039000
134961;3,328000
16907;0,273000
816362;19,376000
948346;32,106000
278360;4,024000
642882;9,878000
631390;8,684000
759318;12,863000
566779;21,105000
378141;20,985000
582417;13,837000
789218;17,881000
226317;7,754000
139637;6,499000
309158;6,079000
447300;14,198000
49766;1,844000
996998;30,322000
722261;12,118000
7077;0,135000
860516;16,322000
527457;12,815000
494674;13,389000
942507;14,149000
422499;27,582000
823062;16,225000
871098;23,442000
178927;6,112000
109825;2,200000
206909;3,615000
521343;20,439000
889433;26,563000
134699;2,787000
594435;8,870000
825224;10,421000
570953;10,512000
348871;11,205000
466357;12,367000
156068;3,240000
37862;0,654000
48988;0,898000
291517;4,377000
373258;6,055000
60987;1,641000
570645;10,944000
410507;8,577000
487804;11,430000
378610;8,776000
84556;2,490000
316137;7,826000
134961;3,253000
16907;0,253000
816362;18,507000
948346;32,367000
278360;4,213000
642882;9,362000
631390;8,710000
759318;13,017000
566779;21,151000
378141;21,997000
582417;13,947000
789218;17,858000
226317;7,944000
139637;6,897000
309158;5,978000
447300;13,892000
49766;1,877000
996998;30,239000
722261;12,013000
7077;0,132000
860516;16,282000
527457;12,723000
494674;13,414000
942507;14,183000
422499;27,968000
823062;15,974000
871098;23,234000
178927;6,057000
109825;2,150000
206909;3,614000
521343;20,118000
889433;26,442000
134699;2,819000
594435;9,167000
825224;10,468000
570953;10,489000
348871;11,193000
466357;12,626000
156068;3,231000
37862;0,657000
48988;0,861000
291517;4,399000
373258;6,037000
60987;1,661000
570645;10,986000
410507;8,562000
487804;11,351000
378610;8,726000
84556;2,587000
316137;7,839000
134961;3,348000
16907;0,252000
816362;19,113000
948346;30,956000
278360;4,040000
642882;9,250000
631390;8,641000
759318;13,040000
566779;20,954000
378141;22,568000
582417;13,788000
789218;17,988000
226317;7,897000
139637;6,837000
309158;6,096000
447300;14,002000
49766;1,847000
996998;30,274000
722261;12,020000
7077;0,132000
860516;16,376000
527457;12,729000
494674;13,988000
942507;14,429000
422499;28,827000
823062;16,118000
871098;23,042000
178927;6,094000
109825;2,208000
206909;3,612000
521343;20,082000
889433;26,503000
134699;2,767000
594435;8,855000
825224;10,402000
570953;10,496000
348871;11,165000
466357;12,455000
156068;3,261000
37862;0,676000
48988;0,872000
291517;4,397000
373258;6,051000
60987;1,680000
570645;10,876000
410507;8,571000
487804;11,465000
378610;8,688000
84556;2,499000
316137;7,839000
134961;3,314000
16907;0,249000
816362;19,001000
948346;30,991000
278360;3,949000
642882;9,314000
631390;8,596000
759318;12,870000
566779;21,031000
378141;22,992000
582417;13,815000
789218;18,164000
226317;8,338000
139637;6,598000
309158;6,025000
447300;14,249000
49766;1,856000
996998;30,259000
722261;12,079000
7077;0,140000
860516;16,315000
527457;12,683000
494674;13,358000
942507;14,277000
422499;27,118000
823062;16,019000
871098;23,223000
178927;6,154000
109825;2,191000
206909;3,575000
521343;20,235000
889433;26,520000
134699;2,792000
594435;8,821000
825224;10,469000
570953;10,613000
348871;11,131000
466357;12,315000
156068;3,255000
37862;0,674000
48988;0,868000
291517;4,459000
373258;6,051000
60987;1,678000
570645;10,882000
410507;8,892000
487804;11,550000
378610;8,700000
84556;2,505000
316137;7,854000
134961;3,340000
16907;0,254000
816362;19,037000
948346;30,965000
278360;3,976000
642882;9,364000
631390;8,588000
759318;12,837000
566779;21,062000
378141;21,930000
582417;13,831000
789218;17,780000
226317;7,938000
139637;6,731000
309158;5,999000
447300;13,880000
49766;1,795000
996998;30,001000
722261;12,036000
7077;0,132000
860516;16,273000
527457;12,704000
494674;13,369000
942507;14,234000
422499;26,713000
823062;16,066000
871098;23,527000
178927;6,273000
109825;2,181000
206909;3,585000
521343;20,422000
889433;26,710000
134699;2,891000
594435;8,828000
825224;10,512000
570953;10,515000
348871;11,125000
466357;12,534000
156068;3,278000
37862;0,664000
48988;0,863000
291517;4,450000
373258;6,116000
60987;1,671000
570645;10,865000
410507;8,578000
487804;11,343000
378610;8,719000
84556;2,533000
316137;7,866000
134961;3,285000
16907;0,252000
816362;19,088000
948346;30,609000
278360;3,986000
642882;9,274000
631390;8,593000
759318;12,837000
566779;20,964000
378141;22,324000
582417;13,800000
789218;17,796000
226317;7,881000
139637;6,717000
309158;6,008000
447300;13,887000
49766;1,799000
996998;30,573000
722261;12,068000
7077;0,129000
860516;16,419000
527457;12,771000
494674;13,369000
942507;14,193000
422499;27,883000
823062;16,046000
871098;23,016000
178927;6,093000
109825;2,197000
206909;3,567000
521343;20,366000
889433;26,471000
134699;2,787000
594435;8,835000
825224;10,412000
570953;10,545000
348871;11,178000
466357;12,308000
156068;3,273000
37862;0,655000
48988;0,859000
291517;4,423000
373258;6,075000
60987;1,650000
570645;10,851000
410507;8,569000
487804;11,292000
378610;8,700000
84556;2,532000
316137;7,883000
134961;3,287000
16907;0,249000
816362;19,012000
948346;31,496000
278360;4,017000
642882;9,206000
631390;8,623000
759318;12,955000
566779;21,055000
378141;22,207000
582417;13,760000
789218;17,976000
226317;7,903000
139637;6,745000
309158;6,001000
447300;13,911000
49766;1,818000
996998;30,129000
722261;12,049000
7077;0,132000
860516;16,361000
527457;12,697000
494674;13,404000
942507;14,243000
422499;26,565000
823062;15,981000
871098;23,158000
178927;6,129000
109825;2,207000
206909;3,579000
521343;20,202000
889433;26,397000
134699;2,788000
594435;8,833000
825224;10,800000
570953;10,664000
348871;11,123000
466357;12,353000
156068;3,318000
37862;0,673000
48988;0,873000
291517;4,456000
373258;6,179000
60987;1,667000
570645;10,861000
410507;8,685000
487804;11,321000
378610;8,686000
84556;2,509000
316137;7,898000
134961;3,339000
16907;0,256000
816362;18,911000
948346;30,600000
278360;3,972000
642882;9,251000
631390;8,560000
759318;12,842000
566779;20,951000
378141;21,462000
582417;13,802000
789218;17,781000
226317;7,877000
139637;6,655000
309158;6,015000
447300;13,911000
49766;1,790000
996998;30,135000
722261;12,024000
7077;0,128000
860516;16,227000
527457;12,697000
494674;13,493000
942507;14,532000
422499;27,934000
823062;16,162000
871098;23,329000
178927;6,165000
109825;2,189000
206909;3,566000
521343;20,280000
889433;26,429000
134699;2,779000
594435;8,824000
825224;10,536000
570953;10,559000
348871;11,151000
466357;12,299000
156068;3,270000
37862;0,662000
48988;0,864000
291517;4,458000
373258;6,088000
60987;1,673000
570645;10,868000
410507;8,558000
487804;11,366000
378610;8,749000
84556;2,546000
316137;7,883000
134961;3,262000
16907;0,253000
816362;18,905000
948346;30,772000
278360;3,924000
642882;9,223000
631390;8,640000
759318;12,890000
566779;21,021000
378141;21,794000
582417;14,237000
789218;17,806000
226317;7,907000
139637;7,067000
309158;6,093000
447300;13,931000
49766;1,784000
996998;30,343000
722261;12,096000
7077;0,132000
860516;16,303000
527457;12,681000
494674;13,433000
942507;14,213000
422499;27,758000
823062;16,001000
871098;23,078000
178927;6,109000
109825;2,186000
206909;3,573000
521343;20,070000
889433;26,493000
134699;2,781000
594435;8,841000
825224;10,461000
570953;10,569000
348871;11,157000
466357;12,304000
156068;3,265000
37862;0,666000
48988;0,870000
291517;4,431000
373258;6,065000
60987;1,684000
570645;10,899000
410507;8,573000
487804;11,372000
378610;8,980000
84556;2,504000
316137;7,961000
134961;3,333000
16907;0,279000
816362;18,922000
948346;30,832000
278360;4,062000
642882;9,234000
631390;8,760000
759318;12,950000
566779;21,090000
378141;22,058000
582417;13,741000
789218;18,000000
226317;7,955000
139637;6,956000
309158;6,004000
447300;14,215000
49766;1,837000
996998;30,179000
722261;12,029000
7077;0,132000
860516;16,267000
527457;12,649000
494674;13,384000
942507;14,245000
422499;27,476000
823062;15,972000
871098;23,095000
178927;6,173000
109825;2,162000
206909;3,604000
521343;20,717000
889433;26,711000
134699;2,817000
594435;8,829000
825224;10,563000
570953;10,544000
348871;11,193000
466357;12,397000
156068;3,286000
37862;0,666000
48988;0,868000
291517;4,425000
373258;6,078000
60987;1,665000
570645;10,839000
410507;8,589000
487804;11,284000
378610;8,720000
84556;2,551000
316137;7,890000
134961;3,326000
16907;0,249000
816362;18,878000
948346;31,673000
278360;4,011000
642882;9,753000
631390;8,742000
759318;12,953000
566779;21,367000
378141;22,169000
582417;13,872000
789218;18,074000
226317;8,218000
139637;7,180000
309158;6,117000
447300;14,181000
49766;1,734000
996998;30,612000
722261;12,015000
7077;0,132000
860516;16,421000
527457;12,678000
494674;13,419000
942507;14,289000
422499;26,984000
823062;16,024000
871098;23,067000
178927;6,055000
109825;2,178000
206909;3,581000
521343;19,934000
889433;26,558000
134699;2,819000
594435;8,843000
825224;10,411000
570953;10,573000
348871;11,155000
466357;12,608000
156068;3,349000
37862;0,671000
48988;0,886000
291517;4,530000
373258;6,162000
60987;1,687000
570645;10,936000
410507;8,732000
487804;11,400000
378610;8,740000
84556;2,533000
316137;7,863000
134961;3,273000
16907;0,250000
816362;18,426000
948346;30,894000
278360;3,969000
642882;9,309000
631390;8,687000
759318;12,804000
566779;21,506000
378141;21,583000
582417;13,895000
789218;17,840000
226317;8,022000
139637;6,748000
309158;6,021000
447300;13,945000
49766;1,868000
996998;30,244000
722261;12,242000
7077;0,135000
860516;16,325000
527457;12,880000
494674;13,407000
942507;14,212000
422499;28,449000
823062;16,046000
871098;23,379000
178927;6,226000
109825;2,158000
206909;3,617000
521343;20,412000
889433;26,551000
134699;2,785000
594435;8,980000
825224;10,461000
570953;10,566000
348871;11,215000
466357;12,398000
156068;3,226000
37862;0,658000
48988;0,887000
291517;4,436000
373258;6,102000
60987;1,630000
570645;10,861000
410507;8,553000
487804;11,648000
378610;8,673000
84556;2,522000
316137;7,862000
134961;3,280000
16907;0,256000
816362;19,172000
948346;31,872000
278360;3,989000
642882;9,247000
631390;8,582000
759318;12,887000
566779;21,103000
378141;21,773000
582417;13,795000
789218;17,900000
226317;8,189000
139637;6,819000
309158;6,062000
447300;14,098000
49766;1,699000
996998;30,567000
722261;12,080000
7077;0,132000
860516;16,324000
527457;12,726000
494674;13,449000
942507;14,228000
422499;27,488000
823062;16,022000
871098;23,190000
178927;6,114000
109825;2,203000
206909;3,593000
521343;20,195000
889433;26,436000
134699;2,779000
594435;8,835000
825224;10,411000
570953;10,579000
348871;11,167000
466357;12,331000
156068;3,259000
37862;0,659000
48988;0,861000
291517;4,432000
373258;6,112000
60987;1,684000
570645;10,912000
410507;8,578000
487804;11,447000
378610;8,726000
84556;2,493000
316137;7,861000
134961;3,277000
16907;0,287000
816362;19,462000
948346;30,909000
278360;3,991000
642882;9,224000
631390;8,695000
759318;13,008000
566779;21,095000
378141;21,303000
582417;13,803000
789218;17,835000
226317;7,886000
139637;6,677000
309158;6,014000
447300;13,919000
49766;1,794000
996998;30,202000
722261;12,014000
7077;0,127000
860516;16,315000
527457;12,676000
494674;13,397000
942507;14,198000
422499;27,570000
823062;15,971000
871098;22,987000
178927;6,215000
109825;2,219000
206909;3,573000
521343;20,307000
889433;26,850000
134699;2,885000
594435;9,003000
825224;10,435000
570953;10,692000
348871;11,220000
466357;12,403000
156068;3,273000
37862;0,666000
48988;0,863000
291517;4,462000
373258;6,130000
60987;1,641000
570645;10,846000
410507;8,553000
487804;11,349000
378610;8,712000
84556;2,546000
316137;7,843000
134961;3,261000
16907;0,271000
816362;19,642000
948346;32,234000
278360;4,056000
642882;9,589000
631390;8,594000
759318;12,956000
566779;21,446000
378141;21,414000
582417;13,895000
789218;17,850000
226317;7,909000
139637;6,721000
309158;6,054000
447300;14,049000
49766;1,685000
996998;30,572000
722261;12,010000
7077;0,129000
860516;16,312000
527457;12,710000
494674;13,506000
942507;14,215000
422499;27,683000
823062;16,039000
871098;23,301000
178927;6,055000
109825;2,149000
206909;3,590000
521343;20,327000
889433;26,613000
134699;2,772000
594435;8,817000
825224;10,514000
570953;10,585000
348871;11,114000
466357;12,358000
156068;3,270000
37862;0,671000
48988;0,887000
291517;4,388000
373258;6,024000
60987;1,691000
570645;11,101000
410507;8,690000
487804;11,598000
378610;8,709000
84556;2,487000
316137;8,000000
134961;3,325000
16907;0,290000
816362;18,521000
948346;31,240000
278360;4,070000
642882;9,240000
631390;8,603000
759318;12,870000
566779;22,014000
378141;21,993000
582417;13,899000
789218;17,989000
226317;7,944000
139637;7,002000
309158;6,016000
447300;13,918000
49766;1,798000
996998;30,310000
722261;12,075000
7077;0,132000
860516;16,346000
527457;12,747000
494674;13,399000
942507;14,214000
422499;27,616000
823062;16,167000
871098;23,567000
178927;6,171000
109825;2,195000
206909;3,559000
521343;20,117000
889433;26,534000
134699;2,856000
594435;8,949000
825224;10,415000
570953;10,648000
348871;11,272000
466357;12,319000
156068;3,265000
37862;0,665000
48988;0,863000
291517;4,447000
373258;6,100000
60987;1,673000
570645;10,843000
410507;8,545000
487804;11,334000
378610;8,716000
84556;2,540000
316137;7,851000
134961;3,265000
16907;0,417000
816362;24,364000
948346;33,153000
278360;4,054000
642882;9,387000
631390;8,760000
759318;12,866000
566779;21,230000
378141;21,959000
582417;13,976000
789218;17,782000
226317;7,889000
139637;6,835000
309158;6,007000
447300;13,917000
49766;1,827000
996998;30,406000
722261;12,096000
7077;0,132000
860516;16,296000
527457;12,731000
494674;13,628000
942507;14,149000
422499;28,039000
823062;16,217000
871098;23,340000
178927;6,017000
109825;2,235000
206909;3,604000
521343;20,617000
889433;26,710000
134699;2,788000
594435;8,840000
825224;10,455000
570953;10,553000
348871;11,150000
466357;12,295000
156068;3,272000
37862;0,662000
48988;0,857000
291517;4,463000
373258;6,029000
60987;1,659000
570645;10,886000
410507;8,553000
487804;11,423000
378610;8,823000
84556;2,512000
316137;7,860000
134961;3,279000
16907;0,250000
816362;19,058000
948346;31,003000
278360;3,975000
642882;9,256000
631390;8,555000
759318;13,016000
566779;21,002000
378141;21,006000
582417;13,827000
789218;17,831000
226317;7,927000
139637;6,735000
309158;6,192000
447300;13,863000
49766;1,778000
996998;30,439000
722261;12,161000
7077;0,129000
860516;16,706000
527457;12,711000
494674;13,657000
942507;14,221000
422499;27,886000
823062;16,059000
871098;23,505000
178927;6,031000
109825;2,209000
206909;3,662000
521343;20,415000
889433;26,902000
134699;2,819000
594435;8,861000
825224;10,641000
570953;10,538000
348871;11,210000
466357;12,495000
156068;3,232000
37862;0,658000
48988;0,864000
291517;4,420000
373258;6,065000
60987;1,680000
570645;11,034000
410507;8,559000
487804;11,245000
378610;8,788000
84556;2,568000
316137;7,862000
134961;3,323000
16907;0,250000
816362;19,087000
948346;31,452000
278360;4,009000
642882;9,319000
631390;8,696000
759318;12,878000
566779;21,233000
378141;22,231000
582417;13,769000
789218;18,047000
226317;7,901000
139637;6,807000
309158;5,967000
447300;14,050000
49766;1,838000
996998;30,266000
722261;11,983000
7077;0,131000
860516;16,318000
527457;12,738000
494674;13,385000
942507;14,261000
422499;27,561000
823062;16,089000
871098;23,563000
178927;6,129000
109825;2,166000
206909;3,610000
521343;20,403000
889433;26,540000
134699;2,824000
594435;8,803000
825224;10,444000
570953;10,735000
348871;11,335000
466357;12,489000
156068;3,255000
37862;0,683000
48988;0,940000
291517;4,427000
373258;6,193000
60987;1,681000
570645;10,911000
410507;8,572000
487804;11,478000
378610;8,711000
84556;2,510000
316137;7,949000
134961;3,261000
16907;0,252000
816362;18,941000
948346;31,000000
278360;3,945000
642882;9,288000
631390;8,689000
759318;12,864000
566779;21,199000
378141;21,745000
582417;13,971000
789218;17,670000
226317;7,915000
139637;7,078000
309158;6,034000
447300;13,976000
49766;1,838000
996998;30,275000
722261;12,162000
7077;0,148000
860516;16,260000
527457;12,787000
494674;13,438000
942507;14,565000
422499;28,457000
823062;16,157000
871098;23,312000
178927;6,172000
109825;2,156000
206909;3,661000
521343;20,036000
889433;26,404000
134699;2,813000
594435;8,833000
825224;10,417000
570953;10,630000
348871;11,145000
466357;12,362000
156068;3,283000
37862;0,665000
48988;0,868000
291517;4,451000
373258;6,076000
60987;1,686000
570645;10,865000
410507;8,566000
487804;11,417000
378610;8,695000
84556;2,540000
316137;7,868000
134961;3,274000
16907;0,249000
816362;18,480000
948346;30,547000
278360;4,062000
642882;9,281000
631390;8,615000
759318;12,846000
566779;21,022000
378141;22,156000
582417;14,175000
789218;18,084000
226317;7,933000
139637;6,951000
309158;6,098000
447300;13,931000
49766;1,776000
996998;30,604000
722261;12,050000
7077;0,128000
860516;16,750000
527457;12,905000
494674;13,715000
942507;14,226000
422499;27,756000
823062;16,041000
871098;23,396000
178927;6,063000
109825;2,172000
206909;3,677000
521343;20,286000
889433;26,758000
134699;2,812000
594435;8,862000
825224;10,633000
570953;10,488000
348871;11,158000
466357;12,472000
156068;3,262000
37862;0,651000
48988;0,853000
291517;4,426000
373258;6,099000
60987;1,685000
570645;10,957000
410507;8,558000
487804;11,311000
378610;9,066000
84556;2,578000
316137;7,990000
134961;3,284000
16907;0,263000
816362;18,420000
948346;31,020000
278360;3,942000
642882;9,339000
631390;8,631000
759318;12,965000
566779;21,813000
378141;22,873000
582417;13,836000
789218;17,889000
226317;7,872000
139637;6,766000
309158;6,004000
447300;14,095000
49766;1,829000
996998;30,430000
722261;12,016000
7077;0,135000
860516;16,345000
527457;12,701000
494674;13,463000
942507;14,352000
422499;26,739000
823062;16,039000
871098;23,152000
178927;6,119000
109825;2,162000
206909;3,571000
521343;21,092000
889433;26,748000
134699;2,774000
594435;8,927000
825224;10,560000
570953;10,517000
348871;11,214000
466357;12,293000
156068;3,290000
37862;0,703000
48988;0,858000
291517;4,447000
373258;6,129000
60987;1,667000
570645;10,867000
410507;8,581000
487804;11,529000
378610;8,731000
84556;2,502000
316137;7,849000
134961;3,266000
16907;0,263000
816362;19,300000
948346;32,600000
278360;4,043000
642882;9,720000
631390;8,745000
759318;12,856000
566779;20,907000
378141;21,014000
582417;14,080000
789218;18,077000
226317;7,923000
139637;6,764000
309158;6,009000
447300;13,959000
49766;1,762000
996998;30,499000
722261;12,082000
7077;0,132000
860516;16,253000
527457;12,663000
494674;13,550000
942507;14,211000
422499;27,010000
823062;16,103000
871098;23,168000
178927;6,036000
109825;2,243000
206909;3,649000
521343;19,941000
889433;26,607000
134699;2,787000
594435;8,859000
825224;10,530000
570953;10,558000
348871;11,128000
466357;12,419000
156068;3,263000
37862;0,661000
48988;0,857000
291517;4,428000
373258;6,041000
60987;1,649000
570645;10,923000
410507;8,569000
487804;11,443000
378610;9,042000
84556;2,565000
316137;8,009000
134961;3,299000
16907;0,258000
816362;18,768000
948346;30,971000
278360;4,010000
642882;9,254000
631390;8,734000
759318;13,298000
566779;21,141000
378141;22,122000
582417;13,770000
789218;17,914000
226317;7,900000
139637;6,820000
309158;5,992000
447300;13,981000
49766;1,872000
996998;30,311000
722261;12,039000
7077;0,136000
860516;16,415000
527457;12,720000
494674;13,453000
942507;14,245000
422499;27,742000
823062;15,941000
871098;23,022000
178927;6,137000
109825;2,154000
206909;3,717000
521343;20,581000
889433;26,601000
134699;2,775000
594435;8,827000
825224;10,609000
570953;10,615000
348871;11,167000
466357;12,564000
156068;3,232000
37862;0,665000
48988;0,863000
291517;4,436000
373258;6,046000
60987;1,661000
570645;10,840000
410507;8,670000
487804;11,323000
378610;8,718000
84556;2,507000
316137;7,867000
134961;3,312000
16907;0,250000
816362;18,826000
948346;31,039000
278360;3,939000
642882;9,334000
631390;8,633000
759318;12,903000
566779;21,163000
378141;20,674000
582417;13,980000
789218;17,795000
226317;8,105000
139637;7,005000
309158;5,975000
447300;14,013000
49766;1,856000
996998;30,699000
722261;12,081000
7077;0,135000
860516;16,283000
527457;12,942000
494674;13,463000
942507;14,359000
422499;27,836000
823062;16,114000
871098;23,169000
178927;6,204000
109825;2,155000
206909;3,609000
521343;20,025000
889433;26,368000
134699;2,773000
594435;8,844000
825224;10,414000
570953;10,553000
348871;11,207000
466357;12,288000
156068;3,227000
37862;0,658000
48988;0,865000
291517;4,374000
373258;6,092000
60987;1,688000
570645;10,828000
410507;8,573000
487804;11,366000
378610;8,693000
84556;2,502000
316137;7,890000
134961;3,301000
16907;0,252000
816362;18,832000
948346;31,010000
278360;3,938000
642882;9,643000
631390;8,741000
759318;12,768000
566779;21,247000
378141;21,441000
582417;13,971000
789218;17,770000
226317;7,989000
139637;7,124000
309158;5,963000
447300;13,881000
49766;1,820000
996998;30,226000
722261;12,063000
7077;0,132000
860516;16,271000
527457;12,739000
494674;13,480000
942507;14,223000
422499;27,185000
823062;16,012000
871098;23,213000
178927;6,185000
109825;2,176000
206909;3,593000
521343;19,983000
889433;26,439000
134699;2,828000
594435;8,837000
825224;10,414000
570953;10,611000
348871;11,502000
466357;12,398000
156068;3,283000
37862;0,673000
48988;0,871000
291517;4,442000
373258;6,105000
60987;1,709000
570645;10,981000
410507;8,587000
487804;11,347000
378610;8,813000
84556;2,516000
316137;7,847000
134961;3,257000
16907;0,253000
816362;18,898000
948346;31,016000
278360;3,993000
642882;9,309000
631390;8,580000
759318;12,773000
566779;20,918000
378141;21,859000
582417;13,760000
789218;17,921000
226317;7,904000
139637;6,873000
309158;6,038000
447300;13,896000
49766;1,798000
996998;30,196000
722261;12,022000
7077;0,132000
860516;16,295000
527457;12,657000
494674;13,412000
942507;14,281000
422499;28,483000
823062;16,218000
871098;23,356000
178927;6,191000
109825;2,154000
206909;3,638000
521343;20,228000
889433;27,125000
134699;3,159000
594435;9,518000
825224;11,038000
570953;10,488000
348871;11,121000
466357;12,485000
156068;3,231000
37862;0,659000
48988;0,876000
291517;4,395000
373258;6,008000
60987;1,691000
570645;10,887000
410507;8,563000
487804;11,489000
378610;8,735000
84556;2,509000
316137;7,869000
134961;3,276000
16907;0,257000
816362;18,510000
948346;30,711000
278360;3,943000
642882;9,214000
631390;8,586000
759318;12,935000
566779;20,994000
378141;20,777000
582417;13,777000
789218;18,267000
226317;7,865000
139637;7,022000
309158;6,024000
447300;14,095000
49766;1,798000
996998;30,352000
722261;12,008000
7077;0,132000
860516;17,034000
527457;12,693000
494674;13,584000
942507;14,260000
422499;27,939000
823062;15,999000
871098;23,191000
178927;6,232000
109825;2,187000
206909;3,579000
521343;20,443000
889433;26,517000
134699;2,776000
594435;8,850000
825224;10,422000
570953;10,513000
348871;11,186000
466357;12,461000
156068;3,232000
37862;0,663000
48988;0,861000
291517;4,398000
373258;6,041000
60987;1,627000
570645;10,832000
410507;8,541000
487804;11,439000
378610;8,809000
84556;2,638000
316137;7,870000
134961;3,317000
16907;0,249000
816362;18,680000
948346;31,133000
278360;4,029000
642882;9,259000
631390;8,631000
759318;12,832000
566779;21,996000
378141;22,080000
582417;13,919000
789218;17,841000
226317;8,094000
139637;7,021000
309158;6,020000
447300;13,936000
49766;1,877000
996998;30,119000
722261;12,076000
7077;0,132000
860516;16,320000
527457;12,716000
494674;13,429000
942507;14,266000
422499;27,424000
823062;16,003000
871098;23,128000
178927;6,114000
109825;2,187000
206909;3,571000
521343;20,702000
889433;26,466000
134699;2,838000
594435;8,937000
825224;10,402000
570953;10,613000
348871;11,277000
466357;12,399000
156068;3,281000
37862;0,665000
48988;0,891000
291517;4,472000
373258;6,195000
60987;1,660000
570645;10,843000
410507;8,560000
487804;11,316000
378610;8,701000
84556;2,526000
316137;7,910000
134961;3,279000
16907;0,264000
816362;18,971000
948346;31,834000
278360;4,060000
642882;9,910000
631390;9,021000
759318;13,021000
566779;20,986000
378141;21,336000
582417;13,757000
789218;18,054000
226317;7,877000
139637;6,651000
309158;6,111000
447300;14,015000
49766;1,772000
996998;30,407000
722261;11,988000
7077;0,132000
860516;16,483000
527457;12,738000
494674;13,522000
942507;14,196000
422499;27,744000
823062;15,992000
871098;23,175000
178927;6,123000
109825;2,157000
206909;3,572000
521343;20,245000
889433;26,614000
134699;2,774000
594435;8,829000
825224;10,600000
570953;10,501000
348871;11,390000
466357;12,658000
156068;3,243000
37862;0,666000
48988;0,863000
291517;4,428000
373258;6,041000
60987;1,652000
570645;10,901000
410507;8,710000
487804;11,322000
378610;8,692000
84556;2,521000
316137;7,934000
134961;3,273000
16907;0,253000
816362;18,922000
948346;31,161000
278360;4,057000
642882;9,272000
631390;8,552000
759318;13,024000
566779;20,993000
378141;20,685000
582417;13,774000
789218;18,098000
226317;7,917000
139637;6,874000
309158;6,010000
447300;14,094000
49766;1,841000
996998;30,108000
722261;12,043000
7077;0,157000
860516;16,445000
527457;12,675000
494674;13,795000
942507;14,468000
422499;28,979000
823062;16,074000
871098;23,617000
178927;6,048000
109825;2,167000
206909;3,626000
521343;20,283000
889433;26,742000
134699;2,809000
594435;8,848000
825224;10,423000
570953;10,507000
348871;11,161000
466357;12,255000
156068;3,267000
37862;0,657000
48988;0,864000
291517;4,420000
373258;6,043000
60987;1,655000
570645;10,799000
410507;8,572000
487804;11,247000
378610;8,703000
84556;2,526000
316137;7,831000
134961;3,272000
16907;0,252000
816362;18,967000
948346;30,889000
278360;3,988000
642882;9,402000
631390;8,618000
759318;12,795000
566779;21,259000
378141;21,460000
582417;13,868000
789218;18,199000
226317;8,110000
139637;6,826000
309158;5,972000
447300;13,912000
49766;1,905000
996998;30,166000
722261;12,214000
7077;0,132000
860516;16,290000
527457;13,019000
494674;13,481000
942507;14,452000
422499;27,614000
823062;16,157000
871098;23,158000
178927;6,214000
109825;2,155000
206909;3,621000
521343;20,187000
889433;26,407000
134699;2,763000
594435;8,887000
825224;10,395000
570953;10,568000
348871;11,214000
466357;12,281000
156068;3,225000
37862;0,660000
48988;0,858000
291517;4,376000
373258;6,073000
60987;1,629000
570645;10,843000
410507;8,581000
487804;11,382000
378610;8,757000
84556;2,513000
316137;8,074000
134961;3,411000
16907;0,252000
816362;19,021000
948346;31,335000
278360;3,941000
642882;9,236000
631390;8,721000
759318;12,887000
566779;21,249000
378141;21,471000
582417;13,861000
789218;17,713000
226317;7,833000
139637;6,671000
309158;5,969000
447300;13,845000
49766;1,822000
996998;30,053000
722261;11,999000
7077;0,132000
860516;16,247000
527457;12,692000
494674;13,405000
942507;14,275000
422499;28,579000
823062;16,024000
871098;23,168000
178927;6,220000
109825;2,167000
206909;3,627000
521343;20,338000
889433;27,026000
134699;2,776000
594435;9,001000
825224;10,655000
570953;10,638000
348871;11,136000
466357;12,441000
156068;3,244000
37862;0,690000
48988;0,854000
291517;4,397000
373258;6,069000
60987;1,689000
570645;10,895000
410507;8,553000
487804;11,318000
378610;8,701000
84556;2,549000
316137;7,884000
134961;3,290000
16907;0,250000
816362;18,979000
948346;31,053000
278360;4,045000
642882;9,254000
631390;8,597000
759318;12,911000
566779;21,004000
378141;22,034000
582417;13,797000
789218;17,847000
226317;7,929000
139637;6,565000
309158;6,040000
447300;13,994000
49766;1,807000
996998;30,192000
722261;12,265000
7077;0,142000
860516;16,513000
527457;12,707000
494674;13,649000
942507;14,219000
422499;27,951000
823062;15,966000
871098;23,291000
178927;6,110000
109825;2,157000
206909;3,597000
521343;20,362000
889433;26,440000
134699;2,772000
594435;8,830000
825224;10,467000
570953;10,495000
348871;11,171000
466357;12,407000
156068;3,230000
37862;0,665000
48988;0,892000
291517;4,391000
373258;6,006000
60987;1,717000
570645;10,849000
410507;8,574000
487804;11,419000
378610;8,672000
84556;2,509000
316137;7,867000
134961;3,312000
16907;0,249000
816362;18,826000
948346;31,056000
278360;3,958000
642882;9,227000
631390;8,602000
759318;13,276000
566779;20,888000
378141;21,417000
582417;13,768000
789218;17,938000
226317;7,895000
139637;6,726000
309158;6,000000
447300;14,139000
49766;1,799000
996998;30,289000
722261;11,988000
7077;0,132000
860516;16,325000
527457;12,729000
494674;13,502000
942507;14,238000
422499;26,343000
823062;15,936000
871098;23,168000
178927;6,086000
109825;2,168000
206909;3,606000
521343;20,175000
889433;26,506000
134699;2,779000
594435;8,849000
825224;10,420000
570953;10,521000
348871;11,190000
466357;12,797000
156068;3,321000
37862;0,664000
48988;0,857000
291517;4,471000
373258;6,056000
60987;1,643000
570645;10,814000
410507;8,658000
487804;11,322000
378610;8,684000
84556;2,493000
316137;7,912000
134961;3,298000
16907;0,249000
816362;18,850000
948346;31,215000
278360;3,964000
642882;9,320000
631390;8,592000
759318;12,812000
566779;21,044000
378141;21,377000
582417;13,773000
789218;17,883000
226317;7,954000
139637;6,918000
309158;5,967000
447300;13,917000
49766;1,896000
996998;30,304000
722261;12,248000
7077;0,130000
860516;16,319000
527457;12,709000
494674;13,552000
942507;14,244000
422499;29,082000
823062;15,989000
871098;23,234000
178927;6,238000
109825;2,143000
206909;3,633000
521343;20,447000
889433;26,508000
134699;2,773000
594435;8,906000
825224;10,424000
570953;10,575000
348871;11,218000
466357;12,401000
156068;3,237000
37862;0,666000
48988;0,863000
291517;4,401000
373258;6,055000
60987;1,660000
570645;10,821000
410507;8,566000
487804;11,383000
378610;8,714000
84556;2,524000
316137;7,869000
134961;3,350000
16907;0,250000
816362;18,285000
948346;30,771000
278360;3,951000
642882;9,210000
631390;8,570000
759318;13,029000
566779;21,321000
378141;22,250000
582417;13,837000
789218;17,727000
226317;8,307000
139637;7,193000
309158;6,001000
447300;13,936000
49766;1,841000
996998;30,283000
722261;12,079000
7077;0,128000
860516;16,775000
527457;12,897000
494674;13,599000
942507;14,262000
422499;27,462000
823062;16,091000
871098;23,245000
178927;6,105000
109825;2,204000
206909;3,573000
521343;20,375000
889433;26,501000
134699;2,788000
594435;8,850000
825224;10,465000
570953;10,546000
348871;11,146000
466357;12,266000
156068;3,268000
37862;0,664000
48988;0,862000
291517;4,432000
373258;6,048000
60987;1,675000
570645;10,871000
410507;8,565000
487804;11,447000
378610;8,725000
84556;2,503000
316137;7,894000
134961;3,272000
16907;0,250000
816362;18,674000
948346;31,002000
278360;4,057000
642882;9,303000
631390;8,758000
759318;12,886000
566779;21,939000
378141;21,706000
582417;13,903000
789218;17,884000
226317;7,922000
139637;6,861000
309158;6,019000
447300;13,959000
49766;1,782000
996998;30,425000
722261;12,023000
7077;0,132000
860516;16,296000
527457;12,697000
494674;13,399000
942507;14,199000
422499;26,557000
823062;15,951000
871098;23,143000
178927;6,138000
109825;2,156000
206909;3,579000
521343;19,990000
889433;26,817000
134699;2,839000
594435;8,911000
825224;10,502000
570953;10,566000
348871;11,215000
466357;12,433000
156068;3,239000
37862;0,652000
48988;0,859000
291517;4,470000
373258;6,068000
60987;1,673000
570645;10,899000
410507;8,618000
487804;11,414000
378610;8,708000
84556;2,544000
316137;7,907000
134961;3,309000
16907;0,250000
816362;18,942000
948346;30,683000
278360;3,959000
642882;9,386000
631390;8,603000
759318;12,898000
566779;21,039000
378141;20,553000
582417;13,782000
789218;17,753000
226317;8,014000
139637;6,980000
309158;6,030000
447300;13,925000
49766;1,868000
996998;30,215000
722261;12,051000
7077;0,135000
860516;16,488000
527457;13,026000
494674;14,039000
942507;14,359000
422499;28,405000
823062;16,279000
871098;23,336000
178927;6,295000
109825;2,255000
206909;3,589000
521343;20,348000
889433;26,449000
134699;2,778000
594435;8,901000
825224;10,421000
570953;10,542000
348871;11,183000
466357;12,327000
156068;3,267000
37862;0,654000
48988;0,853000
291517;4,418000
373258;6,057000
60987;1,698000
570645;10,918000
410507;8,556000
487804;11,461000
378610;8,699000
84556;2,493000
316137;7,821000
134961;3,277000
16907;0,250000
816362;19,155000
948346;31,043000
278360;3,992000
642882;9,278000
631390;8,580000
759318;12,838000
566779;21,451000
378141;22,009000
582417;13,951000
789218;17,885000
226317;8,038000
139637;6,865000
309158;6,028000
447300;14,024000
49766;1,842000
996998;30,251000
722261;12,031000
7077;0,131000
860516;16,247000
527457;12,686000
494674;13,410000
942507;14,255000
422499;27,579000
823062;15,965000
871098;22,969000
178927;6,035000
109825;2,183000
206909;3,577000
521343;19,896000
889433;26,296000
134699;2,779000
594435;8,871000
825224;10,419000
570953;10,525000
348871;11,187000
466357;12,387000
156068;3,240000
37862;0,692000
48988;0,869000
291517;4,409000
373258;6,027000
60987;1,742000
570645;11,165000
410507;8,746000
487804;11,521000
378610;8,672000
84556;2,557000
316137;8,020000
134961;3,271000
16907;0,263000
816362;19,399000
948346;32,687000
278360;4,091000
642882;9,803000
631390;8,660000
759318;12,941000
566779;21,170000
378141;21,444000
582417;13,733000
789218;17,929000
226317;7,951000
139637;6,824000
309158;6,010000
447300;13,987000
49766;1,901000
996998;30,262000
722261;12,031000
7077;0,133000
860516;16,271000
527457;12,823000
494674;13,428000
942507;14,309000
422499;26,541000
823062;16,051000
871098;23,232000
178927;6,123000
109825;2,180000
206909;3,577000
521343;20,107000
889433;27,132000
134699;2,839000
594435;8,847000
825224;10,389000
570953;10,702000
348871;11,273000
466357;12,392000
156068;3,254000
37862;0,672000
48988;0,876000
291517;4,595000
373258;6,086000
60987;1,655000
570645;10,834000
410507;8,632000
487804;11,467000
378610;8,691000
84556;2,516000
316137;7,890000
134961;3,370000
16907;0,252000
816362;18,462000
948346;31,006000
278360;3,987000
642882;9,401000
631390;8,600000
759318;12,802000
566779;21,169000
378141;20,771000
582417;13,873000
789218;18,093000
226317;8,051000
139637;6,887000
309158;5,988000
447300;13,885000
49766;1,871000
996998;30,117000
722261;12,162000
7077;0,135000
860516;16,308000
527457;13,029000
494674;13,606000
942507;14,409000
422499;27,325000
823062;16,898000
871098;23,467000
178927;6,405000
109825;2,170000
206909;3,573000
521343;20,521000
889433;26,493000
134699;2,772000
594435;8,920000
825224;10,439000
570953;10,544000
348871;11,218000
466357;12,313000
156068;3,267000
37862;0,660000
48988;0,884000
291517;4,406000
373258;6,100000
60987;1,632000
570645;10,830000
410507;8,561000
487804;11,424000
378610;8,834000
84556;2,505000
316137;7,866000
134961;3,274000
16907;0,252000
816362;18,405000
948346;30,769000
278360;3,935000
642882;9,236000
631390;8,602000
759318;12,888000
566779;21,549000
378141;21,930000
582417;13,867000
789218;17,825000
226317;7,948000
139637;7,591000
309158;6,053000
447300;13,910000
49766;1,839000
996998;30,512000
722261;12,175000
7077;0,131000
860516;16,306000
527457;12,732000
494674;13,465000
942507;14,211000
422499;27,639000
823062;16,035000
871098;23,087000
178927;6,092000
109825;2,205000
206909;3,647000
521343;19,999000
889433;26,543000
134699;2,768000
594435;8,839000
825224;10,506000
570953;10,527000
348871;11,136000
466357;12,340000
156068;3,262000
37862;0,657000
48988;0,855000
291517;4,420000
373258;6,080000
60987;1,724000
570645;11,226000
410507;8,663000
487804;11,413000
378610;8,825000
84556;2,558000
316137;7,999000
134961;3,273000
16907;0,281000
816362;19,497000
948346;31,793000
278360;4,023000
642882;9,647000
631390;8,699000
759318;12,978000
566779;21,199000
378141;21,152000
582417;13,838000
789218;18,095000
226317;7,832000
139637;6,603000
309158;6,027000
447300;13,940000
49766;1,827000
996998;30,394000
722261;11,982000
7077;0,132000
860516;16,410000
527457;12,712000
494674;13,629000
942507;14,156000
422499;27,126000
823062;16,347000
871098;23,630000
178927;5,962000
109825;2,162000
206909;3,632000
521343;20,292000
889433;26,753000
134699;2,768000
594435;8,868000
825224;10,518000
570953;10,576000
348871;11,142000
466357;12,350000
156068;3,231000
37862;0,657000
48988;0,859000
291517;4,388000
373258;6,008000
60987;1,722000
570645;10,838000
410507;8,604000
487804;11,423000
378610;8,679000
84556;2,489000
316137;7,814000
134961;3,255000
16907;0,254000
816362;18,261000
948346;31,373000
278360;3,966000
642882;9,303000
631390;8,608000
759318;12,885000
566779;21,008000
378141;20,991000
582417;13,786000
789218;17,940000
226317;7,983000
139637;6,976000
309158;6,279000
447300;14,097000
49766;1,797000
996998;30,312000
722261;12,039000
7077;0,130000
860516;17,121000
527457;12,788000
494674;13,594000
942507;14,482000
422499;28,370000
823062;16,024000
871098;23,426000
178927;6,048000
109825;2,213000
206909;3,602000
521343;20,720000
889433;26,723000
134699;2,813000
594435;8,837000
825224;10,412000
570953;10,545000
348871;11,170000
466357;12,325000
156068;3,286000
37862;0,666000
48988;0,905000
291517;4,431000
373258;6,055000
60987;1,690000
570645;10,842000
410507;8,698000
487804;11,293000
378610;8,704000
84556;2,544000
316137;7,878000
134961;3,363000
16907;0,263000
816362;19,474000
948346;32,654000
278360;4,096000
642882;9,626000
631390;8,597000
759318;12,972000
566779;21,023000
378141;21,882000
582417;13,726000
789218;17,923000
226317;7,934000
139637;6,842000
309158;6,031000
447300;14,027000
49766;1,824000
996998;30,201000
722261;12,025000
7077;0,132000
860516;16,351000
527457;12,977000
494674;13,581000
942507;14,250000
422499;27,645000
823062;16,005000
871098;23,312000
178927;6,118000
109825;2,176000
206909;3,569000
521343;20,086000
889433;26,549000
134699;2,810000
594435;8,847000
825224;10,395000
570953;10,587000
348871;11,147000
466357;12,463000
156068;3,264000
37862;0,674000
48988;0,855000
291517;4,423000
373258;6,041000
60987;1,667000
570645;10,869000
410507;8,609000
487804;11,340000
378610;8,719000
84556;2,537000
316137;7,976000
134961;3,293000
16907;0,256000
816362;18,422000
948346;30,775000
278360;4,019000
642882;9,290000
631390;8,576000
759318;12,866000
566779;20,868000
378141;22,757000
582417;13,939000
789218;17,898000
226317;8,379000
139637;7,309000
309158;6,120000
447300;14,132000
49766;1,878000
996998;30,378000
722261;12,036000
7077;0,128000
860516;16,420000
527457;12,779000
494674;13,480000
942507;14,319000
422499;28,062000
823062;16,006000
871098;23,249000
178927;6,165000
109825;2,156000
206909;3,621000
521343;21,443000
889433;26,579000
134699;2,824000
594435;8,852000
825224;10,441000
570953;10,673000
348871;11,174000
466357;12,346000
156068;3,229000
37862;0,694000
48988;0,880000
291517;4,502000
373258;6,023000
60987;1,677000
570645;10,864000
410507;8,892000
487804;11,691000
378610;8,788000
84556;2,554000
316137;7,964000
134961;3,299000
16907;0,286000
816362;18,994000
948346;31,858000
278360;4,175000
642882;9,451000
631390;8,822000
759318;13,144000
566779;21,242000
378141;21,860000
582417;13,798000
789218;17,861000
226317;7,879000
139637;6,757000
309158;6,001000
447300;13,997000
49766;1,855000
996998;30,396000
722261;12,021000
7077;0,136000
860516;16,284000
527457;12,786000
494674;13,363000
942507;14,358000
422499;26,142000
823062;16,022000
871098;23,449000
178927;6,099000
109825;2,151000
206909;3,568000
521343;20,246000
889433;26,485000
134699;2,778000
594435;8,923000
825224;10,528000
570953;10,521000
348871;11,266000
466357;12,302000
156068;3,242000
37862;0,706000
48988;0,874000
291517;4,405000
373258;6,096000
60987;1,685000
570645;10,898000
410507;8,569000
487804;11,501000
378610;8,673000
84556;2,489000
316137;7,861000
134961;3,259000
16907;0,253000
816362;19,009000
948346;30,879000
278360;3,969000
642882;9,301000
631390;8,674000
759318;12,862000
566779;21,232000
378141;21,628000
582417;13,927000
789218;17,837000
226317;8,098000
139637;6,824000
309158;6,007000
447300;14,442000
49766;1,919000
996998;30,708000
722261;12,237000
7077;0,157000
860516;16,633000
527457;12,826000
494674;13,622000
942507;14,440000
422499;29,437000
823062;16,291000
871098;23,739000
178927;5,990000
109825;2,160000
206909;3,609000
521343;20,784000
889433;27,093000
134699;2,814000
594435;8,892000
825224;10,503000
570953;10,592000
348871;11,160000
466357;12,440000
156068;3,236000
37862;0,676000
48988;0,913000
291517;4,551000
373258;6,042000
60987;1,627000
570645;10,834000
410507;8,661000
487804;11,414000
378610;8,692000
84556;2,476000
316137;7,852000
134961;3,291000
16907;0,253000
816362;18,925000
948346;31,776000
278360;3,986000
642882;9,522000
631390;8,579000
759318;12,947000
566779;21,785000
378141;22,155000
582417;13,963000
789218;17,823000
226317;7,975000
139637;6,981000
309158;6,147000
447300;14,150000
49766;1,819000
996998;30,537000
722261;12,235000
7077;0,133000
860516;16,532000
527457;12,719000
494674;13,624000
942507;14,224000
422499;27,859000
823062;16,002000
871098;23,135000
178927;6,103000
109825;2,150000
206909;3,607000
521343;20,055000
889433;27,295000
134699;2,786000
594435;9,017000
825224;10,573000
570953;10,707000
348871;11,125000
466357;12,452000
156068;3,326000
37862;0,698000
48988;0,893000
291517;4,447000
373258;6,058000
60987;1,673000
570645;10,973000
410507;8,754000
487804;11,299000
378610;8,697000
84556;2,537000
316137;8,001000
134961;3,369000
16907;0,259000
816362;19,000000
948346;31,312000
278360;3,938000
642882;9,267000
631390;8,702000
759318;13,156000
566779;21,134000
378141;22,433000
582417;13,922000
789218;17,790000
226317;7,917000
139637;7,063000
309158;6,098000
447300;13,911000
49766;1,841000
996998;30,267000
722261;12,041000
7077;0,135000
860516;16,328000
527457;12,711000
494674;13,797000
942507;14,237000
422499;28,979000
823062;16,225000
871098;23,448000
178927;6,245000
109825;2,230000
206909;3,728000
521343;20,299000
889433;26,991000
134699;2,814000
594435;8,842000
825224;10,392000
570953;10,586000
348871;11,135000
466357;12,264000
156068;3,275000
37862;0,664000
48988;0,882000
291517;4,424000
373258;6,042000
60987;1,663000
570645;10,850000
410507;8,715000
487804;11,372000
378610;8,715000
84556;2,646000
316137;8,125000
134961;3,323000
16907;0,252000
816362;19,000000
948346;31,464000
278360;4,082000
642882;9,290000
631390;8,584000
759318;13,075000
566779;21,095000
378141;21,997000
582417;14,164000
789218;18,068000
226317;7,955000
139637;6,758000
309158;6,033000
447300;14,188000
49766;1,891000
996998;30,711000
722261;12,342000
7077;0,130000
860516;16,348000
527457;12,841000
494674;13,595000
942507;14,527000
422499;28,207000
823062;16,195000
871098;23,647000
178927;6,413000
109825;2,246000
206909;3,697000
521343;20,289000
889433;26,686000
134699;2,796000
594435;8,888000
825224;10,517000
570953;10,638000
348871;11,250000
466357;12,470000
156068;3,294000
37862;0,660000
48988;0,864000
291517;4,446000
373258;6,223000
60987;1,672000
570645;11,201000
410507;8,592000
487804;11,493000
378610;8,815000
84556;2,565000
316137;7,874000
134961;3,304000
16907;0,249000
816362;19,244000
948346;31,171000
278360;4,005000
642882;9,260000
631390;8,572000
759318;13,062000
566779;22,127000
378141;21,548000
582417;13,773000
789218;18,005000
226317;7,932000
139637;6,701000
309158;6,082000
447300;14,038000
49766;1,717000
996998;30,404000
722261;12,039000
7077;0,132000
860516;16,371000
527457;12,670000
494674;13,516000
942507;14,225000
422499;28,028000
823062;15,986000
871098;23,328000
178927;6,014000
109825;2,149000
206909;3,590000
521343;20,108000
889433;26,532000
134699;2,806000
594435;8,836000
825224;10,550000
570953;10,510000
348871;11,161000
466357;12,449000
156068;3,228000
37862;0,660000
48988;0,861000
291517;4,421000
373258;6,083000
60987;1,670000
570645;10,911000
410507;8,574000
487804;11,342000
378610;8,685000
84556;2,512000
316137;7,875000
134961;3,298000
16907;0,271000
816362;19,015000
948346;31,879000
278360;4,020000
642882;9,833000
631390;8,724000
759318;12,874000
566779;21,214000
378141;20,744000
582417;13,808000
789218;18,045000
226317;7,970000
139637;6,939000
309158;6,000000
447300;13,940000
49766;1,891000
996998;30,131000
722261;12,412000
7077;0,149000
860516;17,197000
527457;13,684000
494674;14,729000
942507;14,995000
422499;30,767000
823062;17,573000
871098;24,530000
178927;6,911000
109825;2,201000
206909;3,691000
521343;22,167000
889433;28,681000
134699;2,905000
594435;9,150000
825224;10,786000
570953;11,139000
348871;11,987000
466357;13,523000
156068;3,490000
37862;0,706000
48988;0,905000
291517;4,725000
373258;6,458000
60987;1,936000
570645;11,638000
410507;9,178000
487804;12,617000
378610;9,238000
84556;2,790000
316137;8,060000
134961;3,452000
16907;0,281000
816362;19,538000
948346;33,483000
278360;4,234000
642882;10,155000
631390;9,210000
759318;13,704000
566779;21,617000
378141;23,373000
582417;13,760000
789218;17,859000
226317;7,942000
139637;6,887000
309158;6,006000
447300;13,943000
49766;1,866000
996998;29,963000
722261;11,964000
7077;0,132000
860516;16,398000
527457;13,299000
494674;14,106000
942507;14,667000
422499;30,157000
823062;16,042000
871098;24,129000
178927;6,035000
109825;2,149000
206909;3,579000
521343;20,227000
889433;26,566000
134699;2,816000
594435;8,846000
825224;10,456000
570953;10,510000
348871;11,202000
466357;12,302000
156068;3,269000
37862;0,654000
48988;0,861000
291517;4,439000
373258;6,123000
60987;1,657000
570645;10,837000
410507;8,922000
487804;12,102000
378610;9,085000
84556;2,746000
316137;8,475000
134961;3,430000
16907;0,267000
816362;18,898000
948346;33,412000
278360;3,986000
642882;9,696000
631390;9,103000
759318;13,746000
566779;21,965000
378141;22,107000
582417;13,735000
789218;17,905000
226317;7,822000
139637;6,617000
309158;5,961000
447300;14,158000
49766;1,788000
996998;30,197000
722261;11,976000
7077;0,132000
860516;16,400000
527457;13,005000
494674;13,685000
942507;14,584000
422499;27,159000
823062;16,031000
871098;23,857000
178927;6,097000
109825;2,228000
206909;3,753000
521343;20,383000
889433;26,788000
134699;2,793000
594435;8,831000
825224;10,496000
570953;10,546000
348871;11,125000
466357;12,410000
156068;3,310000
37862;0,651000
48988;0,881000
291517;4,381000
373258;6,012000
60987;1,661000
570645;10,885000
410507;8,694000
487804;11,298000
378610;8,703000
84556;2,514000
316137;7,989000
134961;3,250000
16907;0,250000
816362;18,541000
948346;31,781000
278360;4,054000
642882;9,314000
631390;8,561000
759318;12,948000
566779;21,024000
378141;22,161000
582417;13,765000
789218;18,050000
226317;7,921000
139637;6,945000
309158;6,029000
447300;14,058000
49766;1,843000
996998;31,022000
722261;12,143000
7077;0,132000
860516;16,442000
527457;12,842000
494674;13,728000
942507;14,412000
422499;27,817000
823062;15,990000
871098;23,292000
178927;6,096000
109825;2,159000
206909;3,624000
521343;20,184000
889433;26,394000
134699;2,815000
594435;8,865000
825224;10,508000
570953;10,547000
348871;11,188000
466357;12,275000
156068;3,228000
37862;0,665000
48988;0,865000
291517;4,425000
373258;6,060000
60987;1,651000
570645;10,832000
410507;8,547000
487804;11,314000
378610;8,704000
84556;2,550000
316137;7,848000
134961;3,305000
16907;0,265000
816362;19,055000
948346;31,843000
278360;4,055000
642882;9,810000
631390;8,716000
759318;12,922000
566779;21,357000
378141;20,492000
582417;13,872000
789218;17,933000
226317;8,059000
139637;6,702000
309158;6,010000
447300;13,942000
49766;1,707000
996998;30,342000
722261;12,140000
7077;0,132000
860516;16,687000
527457;12,837000
494674;13,383000
942507;14,512000
422499;27,387000
823062;16,094000
871098;23,348000
178927;6,103000
109825;2,158000
206909;3,580000
521343;19,927000
889433;26,467000
134699;2,817000
594435;8,973000
825224;10,411000
570953;10,500000
348871;11,234000
466357;12,328000
156068;3,269000
37862;0,646000
48988;0,868000
291517;4,435000
373258;6,181000
60987;1,652000
570645;10,869000
410507;8,552000
487804;11,525000
378610;8,731000
84556;2,518000
316137;7,857000
134961;3,283000
16907;0,253000
816362;18,557000
948346;30,943000
278360;4,243000
642882;9,309000
631390;8,692000
759318;12,780000
566779;21,512000
378141;21,795000
582417;13,945000
789218;17,902000
226317;7,904000
139637;6,768000
309158;6,071000
447300;13,889000
49766;1,831000
996998;30,136000
722261;12,071000
7077;0,132000
860516;16,202000
527457;12,654000
494674;13,462000
942507;14,245000
422499;27,711000
823062;15,974000
871098;23,281000
178927;6,045000
109825;2,149000
206909;3,634000
521343;19,799000
889433;26,298000
134699;2,816000
594435;8,857000
825224;10,413000
570953;10,627000
348871;11,121000
466357;12,307000
156068;3,272000
37862;0,657000
48988;0,860000
291517;4,423000
373258;6,180000
60987;1,755000
570645;11,063000
410507;8,705000
487804;11,474000
378610;8,864000
84556;2,544000
316137;8,001000
134961;3,311000
16907;0,259000
816362;19,140000
948346;31,836000
278360;4,058000
642882;9,618000
631390;8,697000
759318;12,969000
566779;21,157000
378141;22,246000
582417;13,964000
789218;17,923000
226317;7,894000
139637;6,598000
309158;5,987000
447300;13,947000
49766;1,873000
996998;30,287000
722261;12,097000
7077;0,132000
860516;16,286000
527457;12,656000
494674;13,511000
942507;14,321000
422499;28,077000
823062;16,190000
871098;23,451000
178927;6,034000
109825;2,180000
206909;3,586000
521343;20,331000
889433;26,489000
134699;2,809000
594435;8,848000
825224;10,452000
570953;10,568000
348871;11,146000
466357;12,281000
156068;3,266000
37862;0,666000
48988;0,868000
291517;4,435000
373258;6,065000
60987;1,639000
570645;10,873000
410507;8,582000
487804;11,455000
378610;8,680000
84556;2,517000
316137;7,855000
134961;3,275000
16907;0,254000
816362;18,397000
948346;30,672000
278360;4,049000
642882;9,230000
631390;8,556000
759318;12,886000
566779;20,969000
378141;21,234000
582417;13,862000
789218;18,047000
226317;7,890000
139637;6,836000
309158;6,003000
447300;14,058000
49766;1,814000
996998;31,244000
722261;12,060000
7077;0,128000
860516;16,569000
527457;12,691000
494674;13,529000
942507;14,200000
422499;26,947000
823062;16,228000
871098;23,355000
178927;6,299000
109825;2,154000
206909;4,063000
521343;21,735000
889433;27,394000
134699;2,822000
594435;9,085000
825224;10,563000
570953;10,627000
348871;11,172000
466357;12,519000
156068;3,339000
37862;0,660000
48988;0,870000
291517;4,372000
373258;6,056000
60987;1,655000
570645;10,895000
410507;8,718000
487804;11,422000
378610;9,037000
84556;2,532000
316137;7,974000
134961;3,321000
16907;0,252000
816362;18,272000
948346;31,261000
278360;4,261000
642882;9,239000
631390;8,614000
759318;13,004000
566779;20,915000
378141;20,874000
582417;13,778000
789218;17,899000
226317;7,866000
139637;6,647000
309158;5,988000
447300;14,151000
49766;1,880000
996998;30,391000
722261;12,013000
7077;0,135000
860516;16,427000
527457;12,724000
494674;13,444000
942507;14,303000
422499;27,061000
823062;16,498000
871098;23,389000
178927;6,084000
109825;2,159000
206909;3,701000
521343;20,557000
889433;26,801000
134699;2,772000
594435;8,817000
825224;10,667000
570953;10,518000
348871;11,172000
466357;12,608000
156068;3,234000
37862;0,663000
48988;0,901000
291517;4,389000
373258;6,024000
60987;1,725000
570645;11,048000
410507;8,595000
487804;11,318000
378610;8,757000
84556;2,560000
316137;7,856000
134961;3,265000
16907;0,256000
816362;19,027000
948346;30,577000
278360;4,121000
642882;9,230000
631390;8,573000
759318;13,096000
566779;21,021000
378141;22,081000
582417;13,804000
789218;17,852000
226317;8,179000
139637;6,457000
309158;6,094000
447300;14,114000
49766;1,824000
996998;30,569000
722261;12,455000
7077;0,132000
860516;16,593000
527457;12,780000
494674;13,590000
942507;14,289000
422499;27,592000
823062;16,196000
871098;23,315000
178927;6,071000
109825;2,159000
206909;3,610000
521343;20,161000
889433;26,554000
134699;2,839000
594435;8,834000
825224;10,445000
570953;10,531000
348871;11,183000
466357;12,373000
156068;3,280000
37862;0,691000
48988;0,876000
291517;4,427000
373258;6,085000
60987;1,655000
570645;10,829000
410507;8,589000
487804;11,443000
378610;8,660000
84556;2,563000
316137;7,885000
134961;3,271000
16907;0,251000
816362;19,229000
948346;31,199000
278360;3,952000
642882;9,411000
631390;8,797000
759318;12,894000
566779;21,152000
378141;21,791000
582417;13,739000
789218;17,966000
226317;7,879000
139637;6,770000
309158;6,015000
447300;14,044000
49766;1,671000
996998;30,337000
722261;12,045000
7077;0,132000
860516;16,363000
527457;12,741000
494674;13,487000
942507;14,287000
422499;28,244000
823062;16,008000
871098;23,532000
178927;6,152000
109825;2,191000
206909;3,615000
521343;20,311000
889433;27,396000
134699;2,991000
594435;9,382000
825224;10,998000
570953;11,113000
348871;11,492000
466357;12,783000
156068;3,366000
37862;0,692000
48988;0,873000
291517;4,551000
373258;6,462000
60987;1,695000
570645;11,127000
410507;8,719000
487804;11,827000
378610;8,890000
84556;2,604000
316137;8,057000
134961;3,405000
16907;0,257000
816362;19,016000
948346;31,698000
278360;4,047000
642882;9,411000
631390;9,008000
759318;13,369000
566779;21,705000
378141;23,293000
582417;14,042000
789218;18,586000
226317;8,049000
139637;6,677000
309158;6,084000
447300;14,194000
49766;1,857000
996998;30,983000
722261;12,199000
7077;0,132000
860516;16,619000
527457;12,907000
494674;13,751000
942507;14,401000
422499;29,104000
823062;16,246000
871098;23,756000
178927;6,121000
109825;2,238000
206909;3,617000
521343;20,705000
889433;27,034000
134699;2,906000
594435;9,028000
825224;10,618000
570953;10,711000
348871;11,441000
466357;12,578000
156068;3,340000
37862;0,666000
48988;0,861000
291517;4,568000
373258;6,256000
60987;1,693000
570645;11,100000
410507;8,831000
487804;11,500000
378610;8,883000
84556;2,519000
316137;7,931000
134961;3,387000
16907;0,249000
816362;19,088000
948346;31,233000
278360;3,960000
642882;9,666000
631390;9,169000
759318;13,104000
566779;21,993000
378141;23,416000
582417;13,890000
789218;17,997000
226317;7,898000
139637;6,812000
309158;5,982000
447300;13,972000
49766;1,832000
996998;30,428000
722261;12,184000
7077;0,135000
860516;16,352000
527457;12,989000
494674;13,573000
942507;14,743000
422499;28,370000
823062;16,274000
871098;23,689000
178927;6,241000
109825;2,165000
206909;3,685000
521343;20,469000
889433;26,760000
134699;2,811000
594435;8,925000
825224;10,604000
570953;10,626000
348871;11,429000
466357;12,595000
156068;3,239000
37862;0,664000
48988;0,866000
291517;4,462000
373258;6,150000
60987;1,646000
570645;10,873000
410507;8,745000
487804;14,534000
378610;9,628000
84556;2,634000
316137;8,169000
134961;3,510000
16907;0,265000
816362;18,993000
948346;32,993000
278360;4,014000
642882;9,416000
631390;9,126000
759318;13,397000
566779;21,614000
378141;22,463000
582417;14,218000
789218;18,176000
226317;8,260000
139637;7,075000
309158;6,502000
447300;15,081000
49766;1,775000
996998;30,913000
722261;12,066000
7077;0,129000
860516;16,543000
527457;12,796000
494674;13,465000
942507;14,133000
422499;27,645000
823062;16,109000
871098;22,923000
178927;6,049000
109825;2,165000
206909;3,572000
521343;19,901000
889433;26,201000
134699;2,777000
594435;8,815000
825224;10,416000
570953;10,461000
348871;11,096000
466357;12,225000
156068;3,236000
37862;0,648000
48988;0,850000
291517;4,389000
373258;5,994000
60987;1,634000
570645;10,830000
410507;8,619000
487804;12,586000
378610;9,044000
84556;2,558000
316137;8,787000
134961;3,630000
16907;0,250000
816362;18,644000
948346;32,840000
278360;4,034000
642882;9,857000
631390;8,739000
759318;13,010000
566779;21,553000
378141;22,459000
582417;13,861000
789218;18,125000
226317;8,082000
139637;6,944000
309158;6,050000
447300;14,289000
49766;1,842000
996998;34,202000
722261;14,831000
7077;0,335000
860516;17,053000
527457;13,635000
494674;14,670000
942507;15,164000
422499;35,316000
823062;19,444000
871098;26,382000
178927;7,313000
109825;2,398000
206909;3,700000
521343;22,092000
889433;29,199000
134699;2,869000
594435;9,066000
825224;10,985000
570953;11,146000
348871;11,653000
466357;12,903000
156068;3,333000
37862;0,728000
48988;0,888000
291517;4,582000
373258;6,254000
60987;1,692000
570645;11,396000
410507;9,013000
487804;12,240000
378610;9,060000
84556;2,839000
316137;8,087000
134961;3,414000
16907;0,322000
816362;20,665000
948346;34,256000
278360;4,137000
642882;9,971000
631390;9,477000
759318;14,373000
566779;22,819000
378141;24,154000
582417;14,665000
789218;19,718000
226317;8,345000
139637;7,479000
309158;6,184000
447300;14,901000
49766;1,876000
996998;32,651000
722261;12,884000
7077;0,139000
860516;17,326000
527457;13,341000
494674;14,188000
942507;15,077000
422499;30,367000
823062;16,707000
871098;23,980000
178927;6,644000
109825;2,273000
206909;3,669000
521343;21,346000
889433;27,298000
134699;2,896000
594435;8,942000
825224;10,467000
570953;10,893000
348871;11,462000
466357;12,491000
156068;3,279000
37862;0,651000
48988;0,862000
291517;4,467000
373258;6,077000
60987;1,664000
570645;10,881000
410507;8,728000
487804;11,436000
378610;8,856000
84556;2,521000
316137;7,991000
134961;3,311000
16907;0,254000
816362;18,449000
948346;30,392000
278360;3,940000
642882;9,353000
631390;8,713000
759318;12,982000
566779;21,179000
378141;21,882000
582417;13,789000
789218;20,927000
226317;8,335000
139637;6,382000
309158;6,453000
447300;14,549000
49766;1,949000
996998;32,723000
722261;12,858000
7077;0,155000
860516;17,534000
527457;14,032000
494674;14,511000
942507;14,790000
422499;31,403000
823062;16,311000
871098;24,261000
178927;6,409000
109825;2,234000
206909;3,774000
521343;21,538000
889433;26,773000
134699;2,797000
594435;8,952000
825224;10,627000
570953;10,646000
348871;12,998000
466357;13,010000
156068;3,442000
37862;0,674000
48988;1,106000
291517;4,592000
373258;6,532000
60987;1,623000
570645;11,161000
410507;8,626000
487804;11,494000
378610;8,733000
84556;2,492000
316137;7,861000
134961;3,261000
16907;0,260000
816362;18,863000
948346;32,314000
278360;4,028000
642882;9,630000
631390;8,709000
759318;13,084000
566779;21,592000
378141;21,669000
582417;13,724000
789218;17,938000
226317;7,850000
139637;6,629000
309158;6,098000
447300;13,944000
49766;1,787000
996998;30,315000
722261;12,061000
7077;0,133000
860516;16,455000
527457;12,675000
494674;13,514000
942507;14,278000
422499;28,480000
823062;16,040000
871098;23,206000
178927;6,107000
109825;2,150000
206909;3,603000
521343;20,389000
889433;26,537000
134699;2,817000
594435;8,839000
825224;10,542000
570953;10,509000
348871;11,922000
466357;12,458000
156068;3,262000
37862;0,725000
48988;0,861000
291517;4,424000
373258;6,205000
60987;1,731000
570645;10,932000
410507;8,680000
487804;11,447000
378610;8,782000
84556;2,496000
316137;7,961000
134961;3,319000
16907;0,255000
816362;18,545000
948346;31,329000
278360;3,991000
642882;9,230000
631390;8,635000
759318;13,099000
566779;21,014000
378141;23,856000
582417;13,754000
789218;17,842000
226317;7,857000
139637;6,815000
309158;5,997000
447300;13,982000
49766;1,855000
996998;30,838000
722261;12,460000
7077;0,130000
860516;16,559000
527457;12,972000
494674;13,510000
942507;14,381000
422499;28,276000
823062;16,376000
871098;23,200000
178927;6,319000
109825;2,162000
206909;3,625000
521343;20,057000
889433;26,355000
134699;2,830000
594435;9,003000
825224;10,411000
570953;10,554000
348871;11,226000
466357;12,338000
156068;3,234000
37862;0,668000
48988;0,867000
291517;4,432000
373258;6,098000
60987;1,733000
570645;10,830000
410507;8,572000
487804;11,346000
378610;8,716000
84556;2,489000
316137;7,852000
134961;3,291000
16907;0,252000
816362;18,706000
948346;31,255000
278360;3,977000
642882;9,280000
631390;8,716000
759318;12,882000
566779;21,286000
378141;21,203000
582417;13,985000
789218;17,788000
226317;7,913000
139637;7,036000
309158;5,975000
447300;14,344000
49766;1,816000
996998;30,110000
722261;12,126000
7077;0,132000
860516;16,297000
527457;12,962000
494674;13,534000
942507;14,392000
422499;27,214000
823062;16,197000
871098;23,152000
178927;6,252000
109825;2,194000
206909;3,556000
521343;19,970000
889433;26,463000
134699;2,780000
594435;8,978000
825224;10,458000
570953;10,543000
348871;11,455000
466357;12,325000
156068;3,263000
37862;0,655000
48988;0,861000
291517;4,427000
373258;6,214000
60987;1,670000
570645;10,877000
410507;8,611000
487804;11,528000
378610;8,723000
84556;2,514000
316137;7,900000
134961;3,260000
16907;0,249000
816362;18,778000
948346;31,543000
278360;4,081000
642882;9,381000
631390;8,648000
759318;12,814000
566779;21,127000
378141;21,783000
582417;13,881000
789218;17,854000
226317;7,982000
139637;6,833000
309158;6,030000
447300;13,940000
49766;1,798000
996998;30,169000
722261;12,031000
7077;0,132000
860516;16,271000
527457;12,685000
494674;13,549000
942507;14,227000
422499;26,999000
823062;15,973000
871098;23,019000
178927;6,077000
109825;2,238000
206909;3,571000
521343;19,983000
889433;26,358000
134699;2,791000
594435;9,001000
825224;10,520000
570953;10,660000
348871;11,212000
466357;12,387000
156068;3,343000
37862;0,667000
48988;0,862000
291517;4,520000
373258;6,105000
60987;1,680000
570645;10,880000
410507;8,586000
487804;11,322000
378610;8,705000
84556;2,533000
316137;7,842000
134961;3,261000
16907;0,250000
816362;18,876000
948346;31,239000
278360;4,134000
642882;9,364000
631390;8,585000
759318;12,894000
566779;21,019000
378141;22,070000
582417;13,809000
789218;17,799000
226317;7,870000
139637;6,444000
309158;6,024000
447300;14,069000
49766;1,795000
996998;30,372000
722261;12,002000
7077;0,132000
860516;16,388000
527457;12,658000
494674;13,878000
942507;14,187000
422499;27,814000
823062;16,030000
871098;23,251000
178927;6,068000
109825;2,148000
206909;3,611000
521343;20,285000
889433;26,511000
134699;2,765000
594435;8,825000
825224;10,378000
570953;10,518000
348871;11,167000
466357;12,307000
156068;3,226000
37862;0,656000
48988;0,911000
291517;4,380000
373258;6,051000
60987;1,663000
570645;10,831000
410507;8,581000
487804;11,300000
378610;8,704000
84556;2,494000
316137;7,872000
134961;3,302000
16907;0,253000
816362;18,976000
948346;30,773000
278360;3,971000
642882;9,280000
631390;8,621000
759318;12,826000
566779;20,881000
378141;22,205000
582417;13,956000
789218;18,038000
226317;7,950000
139637;7,039000
309158;5,985000
447300;13,894000
49766;1,819000
996998;30,031000
722261;12,065000
7077;0,132000
860516;16,300000
527457;12,710000
494674;13,406000
942507;14,235000
422499;27,452000
823062;16,007000
871098;23,073000
178927;6,244000
109825;2,159000
206909;3,612000
521343;20,161000
889433;26,363000
134699;2,805000
594435;8,847000
825224;10,431000
570953;10,487000
348871;11,225000
466357;12,271000
156068;3,272000
37862;0,660000
48988;0,857000
291517;4,441000
373258;6,087000
60987;1,660000
570645;10,814000
410507;8,876000
487804;11,592000
378610;8,720000
84556;2,545000
316137;7,850000
134961;3,335000
